{"params": {"learning_rate": 0.0002195209181291887, "n_steps": 1284, "batch_size": 275, "n_epochs": 5, "gamma": 0.9703239505218295, "gae_lambda": 0.9849858107483196}, "value": -Infinity}