{"params": {"learning_rate": 0.0001526463813807723, "n_steps": 1430, "batch_size": 400, "n_epochs": 9, "gamma": 0.9702979713776066, "gae_lambda": 0.9701667365501914}, "value": -Infinity}