{"params": {"learning_rate": 0.0002582179660412178, "n_steps": 1959, "batch_size": 157, "n_epochs": 9, "gamma": 0.9664854223019821, "gae_lambda": 0.9266402350690611}, "value": 1.2608168181855262}