{"params": {"learning_rate": 4.642301212002019e-05, "n_steps": 1005, "batch_size": 417, "n_epochs": 7, "gamma": 0.9741901595254, "gae_lambda": 0.9672376344456276}, "value": 7.754893159483743}