{"params": {"learning_rate": 2.4360655278368883e-05, "n_steps": 1896, "batch_size": 451, "n_epochs": 7, "gamma": 0.9484056259835095, "gae_lambda": 0.9038640477044291}, "value": -Infinity}