{"params": {"learning_rate": 4.919490966502764e-05, "n_steps": 682, "batch_size": 135, "n_epochs": 9, "gamma": 0.9332052406438549, "gae_lambda": 0.9738084985154327}, "value": 2.5142860368610815}