{"params": {"learning_rate": 5.7341371886841605e-05, "n_steps": 2011, "batch_size": 495, "n_epochs": 8, "gamma": 0.9701475355652248, "gae_lambda": 0.9868290628371228}, "value": 6.900389141882215}