Trial,Value,learning_rate,n_steps,batch_size,n_epochs,gamma,gae_lambda
0,1.2608168181855262,0.0002582179660412178,1959,157,9,0.9664854223019821,0.9266402350690611
1,0.1694841961210318,5.115912416223381e-05,853,425,5,0.9335039794814334,0.9242583830252733
2,0.820292692808797,0.0003437002088175367,831,201,4,0.9078138679153637,0.9071166208695268
3,0.8272654242067409,1.394067408604267e-05,878,253,9,0.901526547331907,0.9039140493178452
