Trial,Value,learning_rate,n_steps,batch_size,n_epochs,gamma,gae_lambda
0,1.4676858230973366,6.406277041858549e-05,890,388,8,0.9761960562194715,0.9391696110177457
1,-1.592264199094731,2.0391968725543906e-05,1993,371,4,0.9283259125077823,0.9021746677505559
2,0.6799900963223547,0.0002885558615223192,2041,326,8,0.9209705128528903,0.9280934908856252
3,0.6948625146334986,0.00013696921160012625,1879,117,10,0.9733773865976809,0.9245623434322355
4,0.577455862790082,1.180191089744938e-05,1398,307,7,0.9763745574870819,0.9339878526257451
