Trial,Value,learning_rate,n_steps,batch_size,n_epochs,gamma,gae_lambda
0,0.5323007334977471,2.556505160114725e-05,929,160,10,0.9302595914660615,0.9077319139670769
1,-0.04909291717315017,4.1118383163725325e-05,2026,390,6,0.9515223981211445,0.9116911043375329
2,1.1272586286755368,0.00020223397896747651,979,502,5,0.9873413359664283,0.9091685484964649
3,0.14857904927569798,0.00012358201502585617,849,380,8,0.9560372495329426,0.9187356834393563
4,1.0226955494624357,3.048742083181982e-05,1398,461,3,0.9494329536795734,0.9675610131984884
5,-2.8100666362908524,2.6976886234569262e-05,1997,201,8,0.991511471498659,0.9082342046117481
6,2.8932029236731944,0.0001893429035753266,2038,334,10,0.9373869306991625,0.9179236470235481
