Trial,Value,learning_rate,n_steps,batch_size,n_epochs,gamma,gae_lambda
0,0.9331754259468888,0.00019677733788470188,534,460,10,0.9866332647593896,0.9706392760602819
1,0.7216714457499284,0.00034145176541441744,532,480,9,0.9535917087583325,0.9109910995755582
2,0.7716692107665359,1.0729877967503236e-05,1424,350,5,0.9399857320716849,0.9214753778899393
