Trial,Value,learning_rate,n_steps,batch_size,n_epochs,gamma,gae_lambda
0,0.7962831992495539,0.0001853881511860004,899,495,10,0.9340503213120008,0.9335692036898529
1,0.7898480589327133,3.959113282594805e-05,1682,335,3,0.9617534973948481,0.9485425071815685
2,0.773978980973756,8.717424685250249e-05,881,406,3,0.9058044124686854,0.9290117633047154
3,1.0406543608566168,1.9484777722502133e-05,1480,453,3,0.9351893682858022,0.9082139962305702
4,0.6689787691427541,0.00012175154721230388,1633,165,9,0.9766698773298815,0.9809553863589401
