Trial,Value,learning_rate,n_steps,batch_size,n_epochs,gamma,gae_lambda
0,0.31795737043781097,1.5359622113355524e-05,907,498,5,0.9243656812340953,0.9541930555124875
1,0.10097478457663565,4.395264976029103e-05,1974,307,10,0.9149615067471158,0.9688624222889621
2,0.3633119073501995,0.000362352830504912,1182,170,4,0.9834879804012187,0.9472278367170033
