Trial,Value,learning_rate,n_steps,batch_size,n_epochs,gamma,gae_lambda
0,0.5927668403884014,0.00012849771166125322,639,304,5,0.944006526200629,0.9233104077681826
1,0.5227538444779481,4.487968787092481e-05,1967,274,3,0.9212720938404075,0.9001310240359983
2,-1.0134627534007232,0.0002813439413176519,1772,479,6,0.9059488186743996,0.9597445697364603
3,1.0330867720743155,0.00016363731398666762,704,168,4,0.9693175708913546,0.986647645087637
4,1.6891913545992376,0.00010324480192811139,1383,72,4,0.9434016741681516,0.9195110104690898
