Trial,Value,learning_rate,n_steps,batch_size,n_epochs,gamma,gae_lambda
0,1.0533024404607774,1.0001895478803896e-05,1247,300,5,0.9442622560517392,0.9072954140431921
1,2.0823647804520364,4.656019384998946e-05,515,225,7,0.9879947433539354,0.9733777695743511
2,1.3994699280981302,1.2207032825270695e-05,719,173,3,0.9213839337980783,0.9131843217971229
3,-0.262618833652109,1.0076538898375104e-05,1095,198,7,0.9923545276419806,0.9360553512811404
4,1.2472230355047018,7.233896275516819e-05,1220,408,7,0.9043689409271652,0.9657825898892523
