Trial,Value,learning_rate,n_steps,batch_size,n_epochs,gamma,gae_lambda
0,0.6488890457257384,5.38461219826712e-05,1709,349,9,0.933611190603504,0.9745674058249862
1,0.4034692941170317,0.00012665001873062964,1883,171,7,0.9017850512812982,0.9744202484481808
2,0.4120468574790416,5.267663515880034e-05,1933,344,5,0.9407520211373671,0.9153005047954652
3,0.46344733552807915,0.0001027978262271413,1390,184,4,0.9497015221745251,0.9254832958920819
4,0.7559303632007947,4.9343057428985346e-05,957,73,8,0.9205518316651535,0.9133070687820039
