{"Open_ABNB": {"mean": 130.38839682539685, "std": 9.164393292281131}, "High_ABNB": {"mean": 132.19532936507935, "std": 8.970307908136913}, "Low_ABNB": {"mean": 128.65451587301587, "std": 9.115240166587371}, "Close_ABNB": {"mean": 130.43160714285713, "std": 8.972060100480936}, "Volume_ABNB": {"mean": 4964764.285714285, "std": 2630229.27432803}}