{"Open_AAPL": {"mean": 224.67230506827028, "std": 18.08215405537366}, "High_AAPL": {"mean": 227.31718298341343, "std": 17.649260368505594}, "Low_AAPL": {"mean": 222.38736602605138, "std": 18.310552990434676}, "Close_AAPL": {"mean": 224.98796186416868, "std": 18.13230730523107}, "Volume_AAPL": {"mean": 53639763.0952381, "std": 23040917.09512124}}